<?xml version="1.0" encoding="utf-8" ?>
<dwsync>
<file name="get_quote_volume.php" server="win.wicker.run//data/web/binance/" local="132984501150000000" remote="132984501150000000" Dst="0" />
<file name="get_ticker_price.php" server="win.wicker.run//data/web/binance/" local="133164599970000000" remote="133164599970000000" Dst="0" />
<file name="get_kline.php" server="win.wicker.run//data/web/binance/" local="133086321530000000" remote="133086321530000000" Dst="0" />
<file name="update_kline.php" server="win.wicker.run//data/web/binance/" local="133173781480000000" remote="133173781480000000" Dst="0" />
<file name="update_rise.php" server="win.wicker.run//data/web/binance/" local="133173787060000000" remote="133173787060000000" Dst="0" />
<file name="get_kline_quick.php" server="win.wicker.run//data/web/binance/" local="133181685900000000" remote="133181685900000000" Dst="0" />
<file name="get_interest_rate.php" server="win.wicker.run//data/web/binance/" local="133201397640000000" remote="133201397640000000" Dst="0" />
<file name="get_exchange_info.php" server="win.wicker.run//data/web/binance/" local="133173641510000000" remote="133173641510000000" Dst="0" />
</dwsync>