<?xml version="1.0" encoding="utf-8" ?>
<dwsync>
<file name="choose_list.php" server="win.wicker.run//data/web/binance/" local="133203233090000000" remote="133203233090000000" Dst="0" />
<file name="auto_open_form.php" server="win.wicker.run//data/web/binance/" local="133206670380000000" remote="133206670380000000" Dst="0" />
<file name="set_form.php" server="win.wicker.run//data/web/binance/" local="133201474000000000" remote="133201474000000000" Dst="0" />
<file name="choose_form.php" server="win.wicker.run//data/web/binance/" local="133194448500000000" remote="133194448500000000" Dst="0" />
<file name="plan_form.php" server="win.wicker.run//data/web/binance/" local="133206680700000000" remote="133206680700000000" Dst="0" />
<file name="login_form.php" server="win.wicker.run//data/web/binance/" local="133194453660000000" remote="133194453660000000" Dst="0" />
<file name="profit.php" server="win.wicker.run//data/web/binance/" local="133017400360000000" remote="133017400360000000" Dst="0" />
<file name="orders_list.php" server="win.wicker.run//data/web/binance/" local="133199599420000000" remote="133199599420000000" Dst="0" />
<file name="plan_list.php" server="win.wicker.run//data/web/binance/" local="133199599740000000" remote="133199599740000000" Dst="0" />
<file name="contents.php" server="win.wicker.run//data/web/binance/" local="133201410060000000" remote="133201410060000000" Dst="0" />
<file name="orders.php" server="win.wicker.run//data/web/binance/" local="133216190770000000" remote="133216190770000000" Dst="0" />
</dwsync>